,endpoint,duration,status
0,two,4.160964250564575,500
1,two,4.0873401165008545,500
2,one,1.1171619892120361,200
3,one,1.0698060989379883,200
4,two,4.147209882736206,500
5,one,1.094027042388916,200
6,two,4.088159799575806,500
7,two,4.085948944091797,500
8,two,4.085519075393677,500
9,two,4.089354991912842,500
