,endpoint,duration,status
0,find_ride,4.071437120437622,200
1,find_ride,3.0829248428344727,200
2,find_ride,5.087146043777466,200
